begin;
delete from pin;
delete from trans;
delete from debit_status;
delete from balance;
delete from customer;

insert into customer(acct, status, fn, ln, addr, city, state) values
('111111111111', 'A', 'THOMAS', 'WATSON', '590 MADISON AVE.', 'NEW YORK', 'NY'),
('222222222222', 'A', 'MIKE', 'TODD', '2455 SOUTH RD.', 'POUGHKEEPSIE', 'NY'),
('333333333333', 'A', 'VAN', 'MORRISON', '3333 3RD ST.', 'NEW YORK', 'TX'),
('444444444444', 'A', 'GRETA', 'GARBO', '4444 REGAL ROW', 'PARIS', 'TX'),
('123456789012', 'A', 'GRACE', 'HOPPPER', '1 ADMIRAL WAY', 'ARLINGTON', 'VA'),
('360360360360', 'I', 'Bob', 'Evans', '360 Project Way', 'Hillsborough', 'CA'),
('123456781234', 'I', 'Test', 'Test', '1234 Test', 'New York', 'NY'),
('199999999999', 'I', 'Jane', 'Doe', '9999 9th Ave.', 'Boston', 'MA'),
('888888888888', 'A', 'Test2', 'TestS', '301 Park Avenue', 'NEW YORK', 'NY'),
('011111111111', 'A', 'Bob', 'Chen', '301 Park Avenue', 'New York', 'NY'),
('022222222222', 'A', 'Alice', 'Wu', '301 Park Avenue', 'New York', 'NY')
;
insert into pin(acct, pin) values
('111111111111', '2345'),
('222222222222', '2345'),
('333333333333', '2345'),
('444444444444', '1111'),
('123456789012', '1111'),
('360360360360', '1234'),
('123456781234', '1111'),
('199999999999', '0360'),
('888888888888', '1111'),
('011111111111', '1111'),
('022222222222', '1111')
;
insert into balance(acct, balance) values
('111111111111', 1000.00),
('222222222222', 2000.00),
('333333333333', 3000.00),
('444444444444', 4000.00),
('123456789012', 10500.01),
('360360360360', 19000.00),
('123456781234', 161.00),
('199999999999', 80.00),
('888888888888', 88.00),
('011111111111', 940.00),
('022222222222', 2235.30)
;
insert into debit_status(acct, status) values
('111111111111', 'A'),
('222222222222', 'A'),
('333333333333', 'A'),
('444444444444', 'A'),
('123456789012', 'A'),
('360360360360', 'A'),
('123456781234', 'A'),
('199999999999', 'A'),
('888888888888', 'A'),
('011111111111', 'A'),
('022222222222', 'A')
;
insert into trans(acct, tacct, amount, trntype, time_start) values
('123456789012', NULL, 1000.00, 'D', '2014-03-08 04:32:03'),
('123456789012', NULL, 500.00, 'W', '2014-03-08 04:32:19'),
('360360360360', NULL, 1000.00, 'W', '2014-03-14 19:50:01'),
('123456781234', NULL, 111.00, 'D', '2014-03-14 21:05:24'),
('199999999999', NULL, 5.00, 'D', '2014-03-16 20:15:16'),
('199999999999', NULL, 15.00, 'W', '2014-03-16 20:15:23')
;
commit;
